<?xml version="1.0" encoding="UTF-8" ?>
<!DOCTYPE mapper
PUBLIC "-//mybatis.org//DTD Mapper 3.0//EN"
"http://mybatis.org/dtd/mybatis-3-mapper.dtd">
<mapper namespace="com.ruoyi.tompSys.mapper.FactoryMapper">
    
    <resultMap type="Factory" id="FactoryResult">
        <result property="factoryId"    column="factory_id"    />
        <result property="factoryName"    column="factory_name"    />
        <result property="userId"    column="user_id"    />
        <result property="capacityTop"    column="capacity_top"    />
        <result property="capacityPants"    column="capacity_pants"    />
        <result property="costTop"    column="cost_top"    />
        <result property="costPants"    column="cost_pants"    />
        <result property="qualityTop"    column="quality_top"    />
        <result property="qualityPants"    column="quality_pants"    />
        <result property="isActive"    column="is_active"    />
        <result property="workSchedule"    column="work_schedule"    />
    </resultMap>

    <resultMap id="FactoryFactoryHistoryResult" type="Factory" extends="FactoryResult">
        <collection property="factoryHistoryList" ofType="FactoryHistory" column="factory_id" select="selectFactoryHistoryList" />
    </resultMap>

    <resultMap type="FactoryHistory" id="FactoryHistoryResult">
        <result property="logId"    column="log_id"    />
        <result property="factoryId"    column="factory_id"    />
        <result property="changedField"    column="changed_field"    />
        <result property="oldValue"    column="old_value"    />
        <result property="newValue"    column="new_value"    />
        <result property="changeTime"    column="change_time"    />
        <result property="operatorId"    column="operator_id"    />
    </resultMap>

    <sql id="selectFactoryVo">
        select factory_id, factory_name, user_id, capacity_top, capacity_pants, cost_top, cost_pants, quality_top, quality_pants, is_active, work_schedule from factory
    </sql>

    <select id="selectFactoryList" parameterType="Factory" resultMap="FactoryResult">
        <include refid="selectFactoryVo"/>
        <where>  
            <if test="factoryId != null "> and factory_id = #{factoryId}</if>
            <if test="factoryName != null  and factoryName != ''"> and factory_name like concat('%', #{factoryName}, '%')</if>
            <if test="userId != null "> and user_id = #{userId}</if>
            <if test="capacityTop != null "> and capacity_top &gt;= #{capacityTop}</if>
            <if test="capacityPants != null "> and capacity_pants &gt;= #{capacityPants}</if>
            <if test="costTop != null "> and cost_top &lt;= #{costTop}</if>
            <if test="costPants != null "> and cost_pants &lt;= #{costPants}</if>
            <if test="qualityTop != null "> and quality_top &gt;= #{qualityTop}</if>
            <if test="qualityPants != null "> and quality_pants &gt;= #{qualityPants}</if>
            <if test="isActive != null "> and is_active = #{isActive}</if>
        </where>
    </select>
    
    <select id="selectFactoryByFactoryId" parameterType="Long" resultMap="FactoryFactoryHistoryResult">
        select factory_id, factory_name, user_id, capacity_top, capacity_pants, cost_top, cost_pants, quality_top, quality_pants, is_active, work_schedule
        from factory
        where factory_id = #{factoryId}
    </select>

    <select id="selectFactoryHistoryList" resultMap="FactoryHistoryResult">
        select log_id, factory_id, changed_field, old_value, new_value, change_time, operator_id
        from factory_history
        where factory_id = #{factory_id}
    </select>

    <insert id="insertFactory" parameterType="Factory" useGeneratedKeys="true" keyProperty="factoryId">
        insert into factory
        <trim prefix="(" suffix=")" suffixOverrides=",">
            <if test="factoryName != null and factoryName != ''">factory_name,</if>
            <if test="userId != null">user_id,</if>
            <if test="capacityTop != null">capacity_top,</if>
            <if test="capacityPants != null">capacity_pants,</if>
            <if test="costTop != null">cost_top,</if>
            <if test="costPants != null">cost_pants,</if>
            <if test="qualityTop != null">quality_top,</if>
            <if test="qualityPants != null">quality_pants,</if>
            <if test="isActive != null">is_active,</if>
            <if test="workSchedule != null">work_schedule,</if>
         </trim>
        <trim prefix="values (" suffix=")" suffixOverrides=",">
            <if test="factoryName != null and factoryName != ''">#{factoryName},</if>
            <if test="userId != null">#{userId},</if>
            <if test="capacityTop != null">#{capacityTop},</if>
            <if test="capacityPants != null">#{capacityPants},</if>
            <if test="costTop != null">#{costTop},</if>
            <if test="costPants != null">#{costPants},</if>
            <if test="qualityTop != null">#{qualityTop},</if>
            <if test="qualityPants != null">#{qualityPants},</if>
            <if test="isActive != null">#{isActive},</if>
            <if test="workSchedule != null">#{workSchedule},</if>
         </trim>
    </insert>

    <update id="updateFactory" parameterType="Factory">
        update factory
        <trim prefix="SET" suffixOverrides=",">
            <if test="factoryName != null and factoryName != ''">factory_name = #{factoryName},</if>
            <if test="userId != null">user_id = #{userId},</if>
            <if test="capacityTop != null">capacity_top = #{capacityTop},</if>
            <if test="capacityPants != null">capacity_pants = #{capacityPants},</if>
            <if test="costTop != null">cost_top = #{costTop},</if>
            <if test="costPants != null">cost_pants = #{costPants},</if>
            <if test="qualityTop != null">quality_top = #{qualityTop},</if>
            <if test="qualityPants != null">quality_pants = #{qualityPants},</if>
            <if test="isActive != null">is_active = #{isActive},</if>
            <if test="workSchedule != null">work_schedule = #{workSchedule},</if>
        </trim>
        where factory_id = #{factoryId}
    </update>

    <delete id="deleteFactoryByFactoryId" parameterType="Long">
        delete from factory where factory_id = #{factoryId}
    </delete>

    <delete id="deleteFactoryByFactoryIds" parameterType="String">
        delete from factory where factory_id in 
        <foreach item="factoryId" collection="array" open="(" separator="," close=")">
            #{factoryId}
        </foreach>
    </delete>
    
    <delete id="deleteFactoryHistoryByFactoryIds" parameterType="String">
        delete from factory_history where factory_id in 
        <foreach item="factoryId" collection="array" open="(" separator="," close=")">
            #{factoryId}
        </foreach>
    </delete>

    <delete id="deleteFactoryHistoryByFactoryId" parameterType="Long">
        delete from factory_history where factory_id = #{factoryId}
    </delete>

    <insert id="batchFactoryHistory">
        insert into factory_history( log_id, factory_id, changed_field, old_value, new_value, change_time, operator_id) values
        <foreach item="item" index="index" collection="list" separator=",">
            ( #{item.logId}, #{item.factoryId}, #{item.changedField}, #{item.oldValue}, #{item.newValue}, #{item.changeTime}, #{item.operatorId})
        </foreach>
    </insert>
</mapper>